controller,scenario,n,success_rate,success_ci_lower,success_ci_upper,collision_rate,mean_steps,std_steps,se_steps,mean_path_length,mean_min_clearance,std_min_clearance,se_min_clearance,mean_near_misses,mean_overrides,mean_adaptation_lag,mean_progress,std_progress,mean_action_disagreements,mean_beneficial_disagreements,cell,stage,variant
cfc_imitation_pure,deceptive_u_trap,6,0.0,0.0,0.3903430336530645,1.0,13.333333333333334,0.816496580927726,0.33333333333333337,4.2666666666666675,-0.10118519413094192,0.07047845636140107,0.028772709324073963,2.3333333333333335,0.0,120.0,0.16895683052448876,0.16545950391562242,9.833333333333334,4.833333333333333,cfc,imitation,pure
cfc_imitation_pure,dense_maze,6,0.0,0.0,0.3903430336530645,1.0,6.333333333333333,0.5163977794943223,0.210818510677892,2.026666666666667,-0.1218300655987656,0.09822380375088587,0.04009969996415713,2.6666666666666665,0.0,120.0,0.2933843257444752,0.030386636003259766,5.166666666666667,4.0,cfc,imitation,pure
cfc_imitation_pure,labyrinth_maze,6,0.0,0.0,0.3903430336530645,1.0,4.833333333333333,0.752772652709081,0.3073181485764296,1.5466666666666669,-0.10107448745067227,0.10467369293567415,0.04273285619752831,2.3333333333333335,0.0,120.0,0.3019235564911271,0.020441226450935792,3.3333333333333335,3.1666666666666665,cfc,imitation,pure
cfc_imitation_pure,narrow_gate,6,0.0,0.0,0.3903430336530645,1.0,10.0,3.286335345030997,1.341640786499874,3.1999999999999997,-0.06429078969405418,0.06528992173868567,0.026654498934337835,2.0,0.0,120.0,0.19002906281326526,0.14237603866778523,5.833333333333333,2.5,cfc,imitation,pure
cfc_imitation_pure,sensor_shadow,6,0.0,0.0,0.3903430336530645,1.0,13.5,0.5477225575051661,0.22360679774997896,4.320000000000001,-0.11317046789074854,0.06266037318562002,0.025580990232857058,4.666666666666667,0.0,120.0,0.16893462969073228,0.1654838304699425,11.0,8.166666666666666,cfc,imitation,pure
cfc_imitation_pure,shifted_clutter,6,0.0,0.0,0.3903430336530645,1.0,10.333333333333334,4.412104562073146,1.8012341448141729,3.3066666666666666,-0.09706156367094058,0.05508870063919173,0.022489867859825544,3.0,0.0,120.0,0.16602902581009757,0.16878901621365464,9.166666666666666,6.166666666666667,cfc,imitation,pure
cfc_imitation_pure,train_like,6,0.0,0.0,0.3903430336530645,1.0,10.666666666666666,4.033195589934446,1.6465452046971294,3.4133333333333327,-0.03682292709882482,0.02708045855374222,0.01105555090954276,2.3333333333333335,0.0,120.0,0.16601292410791404,0.16880653688553438,9.666666666666666,6.0,cfc,imitation,pure
cfc_imitation_pure,u_trap,6,0.0,0.0,0.3903430336530645,1.0,13.666666666666666,0.816496580927726,0.33333333333333337,4.373333333333334,-0.050558499409708885,0.024800602317220075,0.010124803498479216,2.1666666666666665,0.0,120.0,0.16600239653745663,0.16881747527515364,9.666666666666666,4.666666666666667,cfc,imitation,pure
cfc_imitation_pure,zigzag_corridor,6,0.0,0.0,0.3903430336530645,1.0,12.0,2.756809750418044,1.1254628677422756,3.840000000000001,-0.139914820968519,0.11659719380039925,0.047600605041896726,3.5,0.0,120.0,0.17302773972512042,0.1621648919209294,8.5,5.666666666666667,cfc,imitation,pure
cfc_imitation_residual,deceptive_u_trap,6,1.0,0.6096569663469354,0.9999999999999999,0.0,43.666666666666664,2.7325202042558927,1.1155467020454342,13.973333333333342,0.43647903468892474,0.19569056482130084,0.07989033854820385,0.6666666666666666,0.0,43.666666666666664,0.24389286795257356,0.012069744685167966,10.666666666666666,9.0,cfc,imitation,residual
cfc_imitation_residual,dense_maze,6,0.5,0.18761280689940868,0.8123871931005913,0.5,44.0,13.885243966167826,5.668627111861684,14.080000000000004,-0.03193639023534339,0.15061174652520468,0.061486988042691475,9.166666666666666,0.0,87.0,0.18894951419804806,0.038649311261340136,8.333333333333334,7.5,cfc,imitation,residual
cfc_imitation_residual,labyrinth_maze,6,0.3333333333333333,0.09676933255921683,0.7000116786584712,0.6666666666666666,45.166666666666664,7.305249254246337,2.9823555194584777,14.453333333333338,-0.047952739931222475,0.10002497174883603,0.04083502372015851,15.0,0.0,95.83333333333333,0.2036865280289484,0.02652641166623279,7.5,6.666666666666667,cfc,imitation,residual
cfc_imitation_residual,narrow_gate,6,0.8333333333333334,0.43649056343635395,0.9699474141282697,0.16666666666666666,49.0,6.603029607687671,2.695675549220764,15.680000000000007,0.4278519807793246,0.2773983763277571,0.11324741291325817,0.8333333333333334,0.0,59.0,0.20523081766933737,0.06172050997296678,12.666666666666666,10.333333333333334,cfc,imitation,residual
cfc_imitation_residual,sensor_shadow,6,0.0,0.0,0.3903430336530645,1.0,21.666666666666668,5.278888771954441,2.155097316699282,6.9333333333333345,-0.15469345894486872,0.11462512547757822,0.0467955115204271,6.0,0.0,120.0,0.215431376041983,0.053096589864176126,5.0,4.0,cfc,imitation,residual
cfc_imitation_residual,shifted_clutter,6,1.0,0.6096569663469354,0.9999999999999999,0.0,57.5,13.939153489362258,5.690635582545533,18.40000000000001,0.2501137124082787,0.13196487542517774,0.053874434793605465,2.6666666666666665,0.0,57.5,0.1945706537591173,0.04845588388934368,15.166666666666666,12.666666666666666,cfc,imitation,residual
cfc_imitation_residual,train_like,6,1.0,0.6096569663469354,0.9999999999999999,0.0,50.5,19.745885647395003,8.061224059243939,16.160000000000007,0.3610818852264888,0.20267468779957099,0.08274159481447202,2.3333333333333335,0.0,50.5,0.22802715358066475,0.05740084486608489,14.166666666666666,12.333333333333334,cfc,imitation,residual
cfc_imitation_residual,u_trap,6,1.0,0.6096569663469354,0.9999999999999999,0.0,43.166666666666664,4.119061381755153,1.681599767417259,13.81333333333334,0.6755215570079716,0.12378088061623255,0.05053333290368846,0.0,0.0,43.166666666666664,0.2480493558203298,0.02137893016322282,11.333333333333334,8.833333333333334,cfc,imitation,residual
cfc_imitation_residual,zigzag_corridor,6,0.16666666666666666,0.03005258587173032,0.563509436563646,0.8333333333333334,30.333333333333332,12.516655570345726,5.109903238918632,9.70666666666667,-0.07426444186417476,0.14833026853183415,0.06055557855216703,8.5,0.0,108.33333333333333,0.1920075070907212,0.034064523280264526,3.8333333333333335,3.5,cfc,imitation,residual
cfc_random_residual,deceptive_u_trap,6,1.0,0.6096569663469354,0.9999999999999999,0.0,44.166666666666664,2.041241452319315,0.8333333333333335,14.13333333333334,0.564455216520539,0.25827750767064295,0.10544135097180726,1.0,0.0,44.166666666666664,0.24228496159080348,0.009899341239508787,11.833333333333334,10.333333333333334,cfc,random,residual
cfc_random_residual,dense_maze,6,0.5,0.18761280689940868,0.8123871931005913,0.5,37.5,12.786711852544421,5.220153254455275,12.000000000000002,0.003070157339716606,0.08854403456241133,0.03614795074087763,7.5,0.0,84.33333333333333,0.20636667447809734,0.023714915761813973,9.0,8.5,cfc,random,residual
cfc_random_residual,labyrinth_maze,6,0.16666666666666666,0.03005258587173032,0.563509436563646,0.8333333333333334,41.166666666666664,6.431692364119002,2.6257274124410643,13.173333333333337,-0.04712148259946402,0.11210669022881789,0.045767364635476766,11.333333333333334,0.0,108.83333333333333,0.2042307665501281,0.01804068432980902,8.5,8.333333333333334,cfc,random,residual
cfc_random_residual,narrow_gate,6,1.0,0.6096569663469354,0.9999999999999999,0.0,46.0,4.33589667773576,1.7701224063135674,14.720000000000004,0.4632805558591113,0.17120096881289765,0.0698925028436226,0.16666666666666666,0.0,46.0,0.2329544105198275,0.02303302822371922,12.166666666666666,9.666666666666666,cfc,random,residual
cfc_random_residual,sensor_shadow,6,0.0,0.0,0.3903430336530645,1.0,27.0,14.832396974191326,6.055300708194984,8.64,-0.10590026526511892,0.08118381563353137,0.03314315394572262,7.166666666666667,0.0,120.0,0.1950333339806306,0.06057935892523792,4.5,4.166666666666667,cfc,random,residual
cfc_random_residual,shifted_clutter,6,0.8333333333333334,0.43649056343635395,0.9699474141282697,0.16666666666666666,45.0,20.159365069366643,8.230026326405849,14.400000000000006,0.20095941419779914,0.17470289399772582,0.07132215781366105,2.8333333333333335,0.0,64.0,0.22413562809914578,0.05355504405094033,15.666666666666666,14.166666666666666,cfc,random,residual
cfc_random_residual,train_like,6,1.0,0.6096569663469354,0.9999999999999999,0.0,48.666666666666664,13.75015151431673,5.6134758493389025,15.57333333333334,0.4996254120664683,0.06734866592223085,0.027494977727772575,0.0,0.0,48.666666666666664,0.23016147396875694,0.05032481176534905,15.333333333333334,13.333333333333334,cfc,random,residual
cfc_random_residual,u_trap,6,1.0,0.6096569663469354,0.9999999999999999,0.0,46.333333333333336,10.191499726078916,4.160662340434646,14.826666666666673,0.587661431839309,0.19703727500561954,0.08044013067870223,0.3333333333333333,0.0,46.333333333333336,0.23608366750595022,0.042606216619586544,15.5,12.166666666666666,cfc,random,residual
cfc_random_residual,zigzag_corridor,6,0.16666666666666666,0.03005258587173032,0.563509436563646,0.8333333333333334,28.666666666666668,11.604596790352806,4.737556801183965,9.173333333333334,-0.053474949395847904,0.12963882940603336,0.0529248304827495,8.666666666666666,0.0,108.0,0.19112936237829228,0.038432537847124755,5.0,4.833333333333333,cfc,random,residual
cfc_rl_finetune_pure,deceptive_u_trap,6,0.0,0.0,0.3903430336530645,1.0,13.333333333333334,0.816496580927726,0.33333333333333337,4.2666666666666675,-0.10118519413094192,0.07047845636140107,0.028772709324073963,2.3333333333333335,0.0,120.0,0.16895683052448876,0.16545950391562242,9.833333333333334,4.833333333333333,cfc,rl_finetune,pure
cfc_rl_finetune_pure,dense_maze,6,0.0,0.0,0.3903430336530645,1.0,6.333333333333333,0.5163977794943223,0.210818510677892,2.026666666666667,-0.1218300655987656,0.09822380375088587,0.04009969996415713,2.6666666666666665,0.0,120.0,0.2933843257444752,0.030386636003259766,5.166666666666667,4.0,cfc,rl_finetune,pure
cfc_rl_finetune_pure,labyrinth_maze,6,0.0,0.0,0.3903430336530645,1.0,4.833333333333333,0.752772652709081,0.3073181485764296,1.5466666666666669,-0.10107448745067227,0.10467369293567415,0.04273285619752831,2.3333333333333335,0.0,120.0,0.3019235564911271,0.020441226450935792,3.3333333333333335,3.1666666666666665,cfc,rl_finetune,pure
cfc_rl_finetune_pure,narrow_gate,6,0.0,0.0,0.3903430336530645,1.0,10.0,3.286335345030997,1.341640786499874,3.1999999999999997,-0.06429078969405418,0.06528992173868567,0.026654498934337835,2.0,0.0,120.0,0.19002906281326526,0.14237603866778523,5.833333333333333,2.5,cfc,rl_finetune,pure
cfc_rl_finetune_pure,sensor_shadow,6,0.0,0.0,0.3903430336530645,1.0,13.5,0.5477225575051661,0.22360679774997896,4.320000000000001,-0.11317046789074854,0.06266037318562002,0.025580990232857058,4.666666666666667,0.0,120.0,0.16893462969073228,0.1654838304699425,11.0,8.166666666666666,cfc,rl_finetune,pure
cfc_rl_finetune_pure,shifted_clutter,6,0.0,0.0,0.3903430336530645,1.0,10.333333333333334,4.412104562073146,1.8012341448141729,3.3066666666666666,-0.09706156367094058,0.05508870063919173,0.022489867859825544,3.0,0.0,120.0,0.16602902581009757,0.16878901621365464,9.166666666666666,6.166666666666667,cfc,rl_finetune,pure
cfc_rl_finetune_pure,train_like,6,0.0,0.0,0.3903430336530645,1.0,10.666666666666666,4.033195589934446,1.6465452046971294,3.4133333333333327,-0.03682292709882482,0.02708045855374222,0.01105555090954276,2.3333333333333335,0.0,120.0,0.16601292410791404,0.16880653688553438,9.666666666666666,6.0,cfc,rl_finetune,pure
cfc_rl_finetune_pure,u_trap,6,0.0,0.0,0.3903430336530645,1.0,13.666666666666666,0.816496580927726,0.33333333333333337,4.373333333333334,-0.050558499409708885,0.024800602317220075,0.010124803498479216,2.1666666666666665,0.0,120.0,0.16600239653745663,0.16881747527515364,9.666666666666666,4.666666666666667,cfc,rl_finetune,pure
cfc_rl_finetune_pure,zigzag_corridor,6,0.0,0.0,0.3903430336530645,1.0,10.833333333333334,2.7141603981096374,1.1080513425729774,3.4666666666666672,-0.17191020424519896,0.1192951943769184,0.048702059164931186,3.1666666666666665,0.0,120.0,0.17571169815418175,0.15883391538418254,7.333333333333333,4.833333333333333,cfc,rl_finetune,pure
cfc_rl_finetune_residual,deceptive_u_trap,6,1.0,0.6096569663469354,0.9999999999999999,0.0,43.833333333333336,2.6394443859772205,1.077548658349641,14.026666666666673,0.43647903468892474,0.19569056482130084,0.07989033854820385,0.6666666666666666,0.0,43.833333333333336,0.243528519403862,0.011817065134802815,10.0,9.0,cfc,rl_finetune,residual
cfc_rl_finetune_residual,dense_maze,6,0.5,0.18761280689940868,0.8123871931005913,0.5,41.166666666666664,10.381072520056232,4.2380551094943435,13.173333333333337,-6.62003305016053e-05,0.18644845340519622,0.07611726236230258,7.666666666666667,0.0,84.16666666666667,0.1990286281838005,0.040194968763804295,7.666666666666667,7.166666666666667,cfc,rl_finetune,residual
cfc_rl_finetune_residual,labyrinth_maze,6,0.3333333333333333,0.09676933255921683,0.7000116786584712,0.6666666666666666,46.333333333333336,7.2571803523590805,2.96273147243853,14.826666666666673,-0.05042140160820047,0.0994347762720912,0.04059407742573792,15.166666666666666,0.0,95.83333333333333,0.19923009774047887,0.03170082921432898,8.0,7.166666666666667,cfc,rl_finetune,residual
cfc_rl_finetune_residual,narrow_gate,6,0.8333333333333334,0.43649056343635395,0.9699474141282697,0.16666666666666666,52.166666666666664,13.847984209503803,5.653415879900497,16.693333333333342,0.3969750657270466,0.2708687218121118,0.11058169261992634,0.8333333333333334,0.0,62.166666666666664,0.19915488397702955,0.07048984066030356,13.333333333333334,10.833333333333334,cfc,rl_finetune,residual
cfc_rl_finetune_residual,sensor_shadow,6,0.0,0.0,0.3903430336530645,1.0,21.666666666666668,5.278888771954441,2.155097316699282,6.9333333333333345,-0.15469345894486872,0.11462512547757822,0.0467955115204271,6.0,0.0,120.0,0.215431376041983,0.053096589864176126,5.0,4.0,cfc,rl_finetune,residual
cfc_rl_finetune_residual,shifted_clutter,6,1.0,0.6096569663469354,0.9999999999999999,0.0,57.0,13.130118049735882,5.360348247393386,18.240000000000013,0.207403618433013,0.09308045110718675,0.03799993504011418,3.6666666666666665,0.0,57.0,0.19607797132536642,0.0465891793972973,14.166666666666666,11.5,cfc,rl_finetune,residual
cfc_rl_finetune_residual,train_like,6,1.0,0.6096569663469354,0.9999999999999999,0.0,50.833333333333336,19.52861148844604,7.972522255291051,16.266666666666673,0.3610818852264888,0.20267468779957099,0.08274159481447202,2.1666666666666665,0.0,50.833333333333336,0.2261523618409551,0.05596754428467244,13.166666666666666,11.333333333333334,cfc,rl_finetune,residual
cfc_rl_finetune_residual,u_trap,6,1.0,0.6096569663469354,0.9999999999999999,0.0,43.166666666666664,4.119061381755153,1.681599767417259,13.81333333333334,0.6755215570079716,0.12378088061623255,0.05053333290368846,0.0,0.0,43.166666666666664,0.2480493558203298,0.02137893016322282,11.333333333333334,8.833333333333334,cfc,rl_finetune,residual
cfc_rl_finetune_residual,zigzag_corridor,6,0.16666666666666666,0.03005258587173032,0.563509436563646,0.8333333333333334,30.333333333333332,12.516655570345726,5.109903238918632,9.70666666666667,-0.07426444186417476,0.14833026853183415,0.06055557855216703,8.5,0.0,108.33333333333333,0.1920075070907212,0.034064523280264526,3.8333333333333335,3.5,cfc,rl_finetune,residual
fixed_policy,deceptive_u_trap,6,1.0,0.6096569663469354,0.9999999999999999,0.0,50.666666666666664,9.025888691240695,3.684803628116128,16.213333333333342,0.6202797095242196,0.10842266587139655,0.044263367989532273,0.0,0.0,50.666666666666664,0.2152767263876695,0.03645865888451328,0.0,0.0,fixed,fixed,baseline
fixed_policy,dense_maze,6,0.5,0.18761280689940868,0.8123871931005913,0.5,44.5,20.89736825535694,8.531314865443271,14.240000000000004,-0.02239618680742773,0.0792506954945335,0.032353960953715476,7.5,0.0,91.5,0.18227843848370054,0.018461826668475328,0.0,0.0,fixed,fixed,baseline
fixed_policy,labyrinth_maze,6,0.3333333333333333,0.09676933255921683,0.7000116786584712,0.6666666666666666,40.5,7.739509028355739,3.159641329855864,12.960000000000006,-0.02912498490014387,0.1097971032132755,0.04482447968470405,13.166666666666666,0.0,96.5,0.21158391843664992,0.012852038073529973,0.0,0.0,fixed,fixed,baseline
fixed_policy,narrow_gate,6,1.0,0.6096569663469354,0.9999999999999999,0.0,45.666666666666664,4.366539438350085,1.7826322609494587,14.613333333333339,0.4468283859788755,0.16236036076710172,0.06628333972226534,0.5,0.0,45.666666666666664,0.2352189721512936,0.02439024454546403,0.0,0.0,fixed,fixed,baseline
fixed_policy,sensor_shadow,6,0.0,0.0,0.3903430336530645,1.0,25.666666666666668,16.93123346560039,6.912147117775906,8.213333333333335,-0.09998384967885843,0.06955185881822794,0.028394427461125513,4.0,0.0,120.0,0.1977189027834008,0.07106225838709099,0.0,0.0,fixed,fixed,baseline
fixed_policy,shifted_clutter,6,0.8333333333333334,0.43649056343635395,0.9699474141282697,0.0,56.833333333333336,31.358677693210645,12.802126559460522,18.186666666666675,0.3235939853677675,0.16559472340549328,0.06760376274012889,1.6666666666666667,0.0,56.833333333333336,0.20769199821633397,0.09045574244482767,0.0,0.0,fixed,fixed,baseline
fixed_policy,train_like,6,0.6666666666666666,0.29998832134152864,0.9032306674407831,0.0,71.33333333333333,39.09305138597737,15.959671397341213,22.826666666666682,0.33747371570334267,0.15247607370704847,0.062248096427544516,2.8333333333333335,0.0,71.33333333333333,0.17715068101872644,0.10029127211366448,0.0,0.0,fixed,fixed,baseline
fixed_policy,u_trap,6,0.8333333333333334,0.43649056343635395,0.9699474141282697,0.0,62.166666666666664,31.038148570213828,12.67127109295319,19.893333333333345,0.5156671251013494,0.1911638583267573,0.07804231836037478,0.5,0.0,62.166666666666664,0.19838507014727313,0.07142702958069932,0.0,0.0,fixed,fixed,baseline
fixed_policy,zigzag_corridor,6,0.0,0.0,0.3903430336530645,1.0,30.0,11.882760622010357,4.851116709927038,9.600000000000001,-0.0722761094957478,0.04145009598364771,0.016921930824887216,8.166666666666666,0.0,120.0,0.1837029106075562,0.05058691368681578,0.0,0.0,fixed,fixed,baseline
ltc_imitation_pure,deceptive_u_trap,6,0.0,0.0,0.3903430336530645,0.5,62.333333333333336,63.171723632228584,25.789748178512937,19.946666666666683,0.09298613730952776,0.17605249862317537,0.07187313159480295,15.5,0.0,120.0,-0.040976666327657084,0.04781429289928868,41.666666666666664,9.666666666666666,ltc,imitation,pure
ltc_imitation_pure,dense_maze,6,0.0,0.0,0.3903430336530645,0.5,62.5,62.9880941130941,25.71478174124758,20.000000000000014,0.10840925851156213,0.19612858850575438,0.08006916096856469,13.666666666666666,0.0,120.0,-0.04907097457467997,0.05327424003606066,45.833333333333336,17.166666666666668,ltc,imitation,pure
ltc_imitation_pure,labyrinth_maze,6,0.0,0.0,0.3903430336530645,0.5,62.166666666666664,63.35429477680789,25.86428253617547,19.89333333333335,0.12029916924546645,0.2008357368406491,0.08199084622924527,11.333333333333334,0.0,120.0,-0.0328962921657446,0.039725687098440314,45.5,26.5,ltc,imitation,pure
ltc_imitation_pure,narrow_gate,6,0.0,0.0,0.3903430336530645,0.5,62.5,62.9880941130941,25.71478174124758,20.000000000000014,0.08624370151012643,0.19830784105275204,0.0809588370953655,16.166666666666668,0.0,120.0,-0.04906129048022898,0.05326342254803826,44.666666666666664,12.666666666666666,ltc,imitation,pure
ltc_imitation_pure,sensor_shadow,6,0.0,0.0,0.3903430336530645,0.5,62.333333333333336,63.171723632228584,25.789748178512937,19.946666666666683,0.11555223893839302,0.20070989753883323,0.08193947254940578,11.333333333333334,0.0,120.0,-0.04099081407119936,0.04783190971105268,44.166666666666664,12.833333333333334,ltc,imitation,pure
ltc_imitation_pure,shifted_clutter,6,0.0,0.0,0.3903430336530645,0.5,62.166666666666664,63.35429477680789,25.86428253617547,19.89333333333335,0.10848552136308272,0.15622826027271092,0.06377992017847768,17.0,0.0,120.0,-0.032904694649656716,0.03973817702274212,44.333333333333336,13.333333333333334,ltc,imitation,pure
ltc_imitation_pure,train_like,6,0.0,0.0,0.3903430336530645,0.3333333333333333,81.66666666666667,59.385744641847054,24.244128727957577,26.133333333333354,0.11878618182728136,0.1663082395067193,0.06789505446867285,22.5,0.0,120.0,-0.032631620707473274,0.05040376383715611,61.666666666666664,14.166666666666666,ltc,imitation,pure
ltc_imitation_pure,u_trap,6,0.0,0.0,0.3903430336530645,0.5,62.5,62.9880941130941,25.71478174124758,20.000000000000014,0.10195267584274975,0.15470863155661765,0.06315953435299282,17.333333333333332,0.0,120.0,-0.04908471856893304,0.05328936118618742,41.833333333333336,9.166666666666666,ltc,imitation,pure
ltc_imitation_pure,zigzag_corridor,6,0.0,0.0,0.3903430336530645,0.5,62.5,62.9880941130941,25.71478174124758,20.000000000000014,0.09933477238677162,0.16528272093746058,0.06747638826593402,18.0,0.0,120.0,-0.049080434151730766,0.053284713630835395,44.166666666666664,13.0,ltc,imitation,pure
ltc_imitation_residual,deceptive_u_trap,6,1.0,0.6096569663469354,0.9999999999999999,0.0,46.833333333333336,7.054549359574052,2.8800077160390467,14.986666666666673,0.32162486639408083,0.2000143140532923,0.0816555017805588,1.5,0.0,46.833333333333336,0.2309155706511594,0.02837481224178879,8.5,7.166666666666667,ltc,imitation,residual
ltc_imitation_residual,dense_maze,6,0.3333333333333333,0.09676933255921683,0.7000116786584712,0.6666666666666666,44.166666666666664,14.918668394554075,6.090520868073965,14.133333333333338,-0.043751334145789716,0.10865520243570345,0.044358300644380906,9.833333333333334,0.0,100.33333333333333,0.18242850067075014,0.024913593220838064,7.666666666666667,6.333333333333333,ltc,imitation,residual
ltc_imitation_residual,labyrinth_maze,6,0.16666666666666666,0.03005258587173032,0.563509436563646,0.8333333333333334,31.333333333333332,16.045767874011723,6.55065730374526,10.02666666666667,-0.07914327372602907,0.0759600664211483,0.031010567259955282,13.166666666666666,0.0,107.5,0.22496951905258133,0.03697429433207482,4.333333333333333,4.0,ltc,imitation,residual
ltc_imitation_residual,narrow_gate,6,0.8333333333333334,0.43649056343635395,0.9699474141282697,0.16666666666666666,39.5,11.588787684654509,4.731102760808873,12.640000000000006,0.4632977323959789,0.3359846883231248,0.13716517462994954,0.5,0.0,56.5,0.24856698355109855,0.025612056938124687,7.166666666666667,5.666666666666667,ltc,imitation,residual
ltc_imitation_residual,sensor_shadow,6,0.0,0.0,0.3903430336530645,1.0,28.0,14.51895313030523,5.927337794772063,8.960000000000003,-0.11346239934294544,0.066481047269796,0.02714077389614149,6.0,0.0,120.0,0.17226126928922625,0.04998994709620179,3.0,2.6666666666666665,ltc,imitation,residual
ltc_imitation_residual,shifted_clutter,6,0.8333333333333334,0.43649056343635395,0.9699474141282697,0.0,68.5,37.19005243341289,15.182775328202242,21.920000000000016,0.37523895844603783,0.1162785563932849,0.047470521865164456,0.6666666666666666,0.0,68.5,0.18346566138343132,0.09436631154150094,12.333333333333334,9.333333333333334,ltc,imitation,residual
ltc_imitation_residual,train_like,6,0.8333333333333334,0.43649056343635395,0.9699474141282697,0.0,71.5,38.55256152319843,15.739017334848663,22.880000000000013,0.2448839042477444,0.057869940714675806,0.023625304366011502,3.0,0.0,71.5,0.1766235954521508,0.1015535547115234,12.166666666666666,9.833333333333334,ltc,imitation,residual
ltc_imitation_residual,u_trap,6,1.0,0.6096569663469354,0.9999999999999999,0.0,47.333333333333336,7.339391437078872,2.9962940072325646,15.146666666666674,0.7227596722417052,0.09868507067754971,0.04028801139841517,0.0,0.0,47.333333333333336,0.23006473061402258,0.034724356663789764,10.166666666666666,8.166666666666666,ltc,imitation,residual
ltc_imitation_residual,zigzag_corridor,6,0.16666666666666666,0.03005258587173032,0.563509436563646,0.8333333333333334,31.5,9.071934744033381,3.703601850451351,10.080000000000004,-0.057146511538061225,0.10493956451010816,0.04284139781327393,6.0,0.0,108.0,0.18449175403037665,0.021994270810841657,5.666666666666667,4.833333333333333,ltc,imitation,residual
ltc_random_residual,deceptive_u_trap,6,1.0,0.6096569663469354,0.9999999999999999,0.0,58.5,28.472794032198525,11.62396948837473,18.72000000000001,0.623115810774617,0.1298735791221671,0.05302066665304797,0.0,0.0,58.5,0.20495559735662017,0.05874531201388672,9.5,7.5,ltc,random,residual
ltc_random_residual,dense_maze,6,0.3333333333333333,0.09676933255921683,0.7000116786584712,0.6666666666666666,38.5,11.65761553663527,4.759201613716318,12.320000000000002,-0.014982447485950743,0.11957798771505447,0.048817509061779805,7.166666666666667,0.0,96.66666666666667,0.20535999648426953,0.01637549309485002,5.666666666666667,4.333333333333333,ltc,random,residual
ltc_random_residual,labyrinth_maze,6,0.3333333333333333,0.09676933255921683,0.7000116786584712,0.6666666666666666,42.333333333333336,10.44349877515513,4.26354052141853,13.546666666666669,-0.008862127455318067,0.08590202189813076,0.03506935358730121,16.666666666666668,0.0,95.83333333333333,0.19383544839089262,0.06576439450451618,5.5,4.666666666666667,ltc,random,residual
ltc_random_residual,narrow_gate,6,1.0,0.6096569663469354,0.9999999999999999,0.0,46.5,6.8044103344816,2.7778888866667555,14.88000000000001,0.4288948520809955,0.14519596229201662,0.05927600338797131,0.6666666666666666,0.0,46.5,0.2321621083096701,0.03171615949166964,10.333333333333334,9.0,ltc,random,residual
ltc_random_residual,sensor_shadow,6,0.0,0.0,0.3903430336530645,1.0,24.166666666666668,9.621157241551906,3.927820996147582,7.733333333333333,-0.13965142527170163,0.0790426434316154,0.03226902405470168,3.6666666666666665,0.0,120.0,0.20374998015434465,0.05459694195274147,2.6666666666666665,2.3333333333333335,ltc,random,residual
ltc_random_residual,shifted_clutter,6,0.8333333333333334,0.43649056343635395,0.9699474141282697,0.0,61.833333333333336,29.185041830819205,11.914743434548273,19.786666666666676,0.36906499846151436,0.2122748209761399,0.0866608327720317,2.1666666666666665,0.0,61.833333333333336,0.18516336561198318,0.07420516299938114,10.833333333333334,9.166666666666666,ltc,random,residual
ltc_random_residual,train_like,6,0.8333333333333334,0.43649056343635395,0.9699474141282697,0.0,69.0,34.71599055190562,14.17274379457509,22.08000000000001,0.3098274457691915,0.12547336612069784,0.051224287217521286,3.0,0.0,69.0,0.18213087434950892,0.08007172620786968,16.166666666666668,12.333333333333334,ltc,random,residual
ltc_random_residual,u_trap,6,1.0,0.6096569663469354,0.9999999999999999,0.0,43.0,1.6733200530681511,0.6831300510639733,13.760000000000005,0.6068961365843638,0.10218857090719052,0.04171830937780578,0.0,0.0,43.0,0.24802817358464202,0.01293440776762808,6.666666666666667,4.666666666666667,ltc,random,residual
ltc_random_residual,zigzag_corridor,6,0.0,0.0,0.3903430336530645,1.0,31.0,16.407315441594946,6.698258480132479,9.920000000000002,-0.08320611698832835,0.07453210401396314,0.030427604048375276,6.666666666666667,0.0,120.0,0.17589305764333096,0.057205516021228205,4.5,4.0,ltc,random,residual
ltc_rl_finetune_pure,deceptive_u_trap,6,0.0,0.0,0.3903430336530645,0.5,63.0,62.44037155558894,25.491174943497604,20.160000000000014,0.07395705472321877,0.196863384446206,0.08036914015509385,15.833333333333334,0.0,120.0,0.03084695347270365,0.03427162233972253,42.333333333333336,9.5,ltc,rl_finetune,pure
ltc_rl_finetune_pure,dense_maze,6,0.0,0.0,0.3903430336530645,0.5,62.666666666666664,62.80658139611379,25.64067948484292,20.053333333333345,0.04679817073200441,0.27731845295577656,0.11321478433327901,13.833333333333334,0.0,120.0,-0.007289117120442813,0.04231363782781186,46.0,17.5,ltc,rl_finetune,pure
ltc_rl_finetune_pure,labyrinth_maze,6,0.0,0.0,0.3903430336530645,0.5,62.666666666666664,62.809765695046714,25.641979469438613,20.053333333333345,0.0998847930879308,0.22466127716831694,0.0917175823373935,11.833333333333334,0.0,120.0,0.01751811548517986,0.03525324133441007,46.0,27.0,ltc,rl_finetune,pure
ltc_rl_finetune_pure,narrow_gate,6,0.0,0.0,0.3903430336530645,0.5,63.0,62.44037155558894,25.491174943497604,20.160000000000014,0.08949014041915798,0.19475262801428406,0.07950742745017611,16.333333333333332,0.0,120.0,0.030844822194115867,0.034269404666800715,45.166666666666664,12.166666666666666,ltc,rl_finetune,pure
ltc_rl_finetune_pure,sensor_shadow,6,0.0,0.0,0.3903430336530645,0.5,62.666666666666664,62.809765695046714,25.641979469438613,20.053333333333345,0.12118128325684097,0.19442629389444593,0.07937420210363216,11.5,0.0,120.0,0.012216534677750003,0.04285471154762268,44.5,12.666666666666666,ltc,rl_finetune,pure
ltc_rl_finetune_pure,shifted_clutter,6,0.0,0.0,0.3903430336530645,0.5,63.0,62.44037155558894,25.491174943497604,20.160000000000014,0.06953380380514695,0.202583837786022,0.08270450545175202,17.333333333333332,0.0,120.0,0.0308115053590218,0.03423277514816599,45.166666666666664,13.166666666666666,ltc,rl_finetune,pure
ltc_rl_finetune_pure,train_like,6,0.0,0.0,0.3903430336530645,0.5,63.166666666666664,62.25886817688438,25.417076499428052,20.21333333333335,0.09035846484338443,0.19469782920687564,0.07948505593073217,16.666666666666668,0.0,120.0,0.02920149098848961,0.03265970961396882,43.166666666666664,9.5,ltc,rl_finetune,pure
ltc_rl_finetune_pure,u_trap,6,0.0,0.0,0.3903430336530645,0.5,63.166666666666664,62.25886817688438,25.417076499428052,20.21333333333335,0.0762514273572968,0.18822214966086712,0.07684137082648237,17.833333333333332,0.0,120.0,0.02917336282561481,0.03262306657582846,42.5,8.833333333333334,ltc,rl_finetune,pure
ltc_rl_finetune_pure,zigzag_corridor,6,0.0,0.0,0.3903430336530645,0.5,63.0,62.44037155558894,25.491174943497604,20.160000000000014,0.08290350380890806,0.18398779517878677,0.07511270284795508,18.166666666666668,0.0,120.0,0.025020829116944882,0.030604299638864175,44.666666666666664,12.5,ltc,rl_finetune,pure
ltc_rl_finetune_residual,deceptive_u_trap,6,1.0,0.6096569663469354,0.9999999999999999,0.0,43.833333333333336,1.3291601358251257,0.5426273532033236,14.026666666666673,0.42360486998657115,0.23239315039917352,0.094874106365974,1.1666666666666667,0.0,43.833333333333336,0.2439893848891771,0.00671769404546148,7.666666666666667,6.666666666666667,ltc,rl_finetune,residual
ltc_rl_finetune_residual,dense_maze,6,0.3333333333333333,0.09676933255921683,0.7000116786584712,0.6666666666666666,43.0,16.45600194457937,6.718134661744534,13.760000000000005,-0.06930061278904724,0.11012720664803533,0.044959243847621,9.833333333333334,0.0,101.0,0.18683256412442514,0.018125546938865335,6.666666666666667,5.166666666666667,ltc,rl_finetune,residual
ltc_rl_finetune_residual,labyrinth_maze,6,0.3333333333333333,0.09676933255921683,0.7000116786584712,0.6666666666666666,30.333333333333332,16.451950239004088,6.716480559869962,9.70666666666667,-0.048746858286977196,0.11044110258895798,0.045087391328886214,11.666666666666666,0.0,95.5,0.22596537204345865,0.03591317772716601,4.333333333333333,4.166666666666667,ltc,rl_finetune,residual
ltc_rl_finetune_residual,narrow_gate,6,0.8333333333333334,0.43649056343635395,0.9699474141282697,0.16666666666666666,39.666666666666664,11.570076346622207,4.723463889044894,12.693333333333337,0.4871578642524795,0.33202561175287687,0.1355488883883303,0.5,0.0,56.666666666666664,0.24768809786865378,0.02439568713289836,6.833333333333333,5.333333333333333,ltc,rl_finetune,residual
ltc_rl_finetune_residual,sensor_shadow,6,0.0,0.0,0.3903430336530645,1.0,28.0,14.51895313030523,5.927337794772063,8.960000000000003,-0.11346239934294544,0.066481047269796,0.02714077389614149,6.0,0.0,120.0,0.17226126928922625,0.04998994709620179,3.0,2.6666666666666665,ltc,rl_finetune,residual
ltc_rl_finetune_residual,shifted_clutter,6,1.0,0.6096569663469354,0.9999999999999999,0.0,58.333333333333336,28.98735356438505,11.834037537731763,18.666666666666675,0.3164569708902639,0.14734469965651023,0.06015322174368165,1.5,0.0,58.333333333333336,0.21181926673871185,0.07151046718672628,11.0,9.166666666666666,ltc,rl_finetune,residual
ltc_rl_finetune_residual,train_like,6,0.8333333333333334,0.43649056343635395,0.9699474141282697,0.0,71.5,38.55256152319843,15.739017334848663,22.880000000000013,0.2448839042477444,0.057869940714675806,0.023625304366011502,3.0,0.0,71.5,0.1766235954521508,0.1015535547115234,12.166666666666666,9.833333333333334,ltc,rl_finetune,residual
ltc_rl_finetune_residual,u_trap,6,1.0,0.6096569663469354,0.9999999999999999,0.0,47.333333333333336,7.339391437078872,2.9962940072325646,15.146666666666674,0.7339963231910552,0.1048185001381349,0.04279197349037977,0.0,0.0,47.333333333333336,0.23024897820306697,0.0349800998065661,9.666666666666666,7.666666666666667,ltc,rl_finetune,residual
ltc_rl_finetune_residual,zigzag_corridor,6,0.16666666666666666,0.03005258587173032,0.563509436563646,0.8333333333333334,31.333333333333332,9.201449161228174,3.756475889861549,10.026666666666669,-0.02458132088910302,0.06403019817870652,0.026140218944519292,5.833333333333333,0.0,108.0,0.18465875419055058,0.02244006414760456,6.166666666666667,5.5,ltc,rl_finetune,residual
mlp_imitation_pure,deceptive_u_trap,6,0.0,0.0,0.3903430336530645,1.0,10.166666666666666,3.125166662222459,1.2758439472669758,3.2533333333333334,-0.1686218500232275,0.08468158572086185,0.03457111260431092,2.0,0.0,120.0,0.18233333180918224,0.1507331242570944,7.5,3.8333333333333335,mlp,imitation,pure
mlp_imitation_pure,dense_maze,6,0.0,0.0,0.3903430336530645,1.0,5.833333333333333,1.4719601443879744,0.6009252125773316,1.8666666666666665,-0.07729723150700786,0.07002817260236566,0.02858888174922411,2.6666666666666665,0.0,120.0,0.24181139202845237,0.07816715937391512,5.666666666666667,4.166666666666667,mlp,imitation,pure
mlp_imitation_pure,labyrinth_maze,6,0.0,0.0,0.3903430336530645,1.0,4.666666666666667,1.2110601416389966,0.4944132324730442,1.4933333333333334,-0.15479503154625288,0.09814669524213479,0.04006822054727929,2.8333333333333335,0.0,120.0,0.25801940525657496,0.05995469725192224,4.666666666666667,3.0,mlp,imitation,pure
mlp_imitation_pure,narrow_gate,6,0.0,0.0,0.3903430336530645,1.0,10.333333333333334,2.9439202887759492,1.2018504251546633,3.3066666666666666,-0.13109316575818097,0.11878101155410688,0.048492144906532496,2.1666666666666665,0.0,120.0,0.17550602420358694,0.15908403482064287,8.833333333333334,5.0,mlp,imitation,pure
mlp_imitation_pure,sensor_shadow,6,0.0,0.0,0.3903430336530645,1.0,10.5,3.146426544510455,1.2845232578665131,3.3600000000000008,-0.15460378745090728,0.10672072691214977,0.04356855431894593,4.5,0.0,120.0,0.17464262087461377,0.15821734074938826,9.833333333333334,6.166666666666667,mlp,imitation,pure
mlp_imitation_pure,shifted_clutter,6,0.0,0.0,0.3903430336530645,1.0,7.0,0.6324555320336759,0.25819888974716115,2.2399999999999998,-0.13817027587963357,0.09160074631081223,0.0373958480866031,2.3333333333333335,0.0,120.0,0.18276457852439607,0.151175487671396,6.833333333333333,3.3333333333333335,mlp,imitation,pure
mlp_imitation_pure,train_like,6,0.0,0.0,0.3903430336530645,1.0,7.5,0.5477225575051661,0.22360679774997896,2.4,-0.13783068957334724,0.12202810744512001,0.04981776625301084,2.1666666666666665,0.0,120.0,0.1823604430669898,0.15087630690615986,7.5,3.8333333333333335,mlp,imitation,pure
mlp_imitation_pure,u_trap,6,0.0,0.0,0.3903430336530645,1.0,10.166666666666666,3.125166662222459,1.2758439472669758,3.253333333333332,-0.1323042211855625,0.10110176730044869,0.041274623663283466,2.1666666666666665,0.0,120.0,0.18256042692594798,0.15093321077932192,6.5,2.8333333333333335,mlp,imitation,pure
mlp_imitation_pure,zigzag_corridor,6,0.0,0.0,0.3903430336530645,1.0,9.333333333333334,2.581988897471611,1.0540925533894598,2.9866666666666664,-0.06529134876376429,0.09100661945987609,0.037153296815389744,2.8333333333333335,0.0,120.0,0.18732915641876033,0.1394746456631426,9.0,5.833333333333333,mlp,imitation,pure
mlp_imitation_residual,deceptive_u_trap,6,1.0,0.6096569663469354,0.9999999999999999,0.0,44.166666666666664,3.6009258068817065,1.4700718047466634,14.13333333333334,0.40834919394887653,0.23092527499127985,0.09427484874008747,1.3333333333333333,0.0,44.166666666666664,0.24473264544496,0.019448644513658412,8.333333333333334,6.5,mlp,imitation,residual
mlp_imitation_residual,dense_maze,6,0.5,0.18761280689940868,0.8123871931005913,0.5,44.833333333333336,13.541294866690802,5.5282104799936045,14.34666666666667,-0.030650698989856746,0.11868911844229607,0.048454629700730334,11.0,0.0,87.66666666666667,0.18592373868604326,0.0436402979229471,6.333333333333333,5.666666666666667,mlp,imitation,residual
mlp_imitation_residual,labyrinth_maze,6,0.16666666666666666,0.03005258587173032,0.563509436563646,0.8333333333333334,31.166666666666668,13.060117406312497,5.331770604384418,9.973333333333336,-0.06449698989795132,0.09575189162499012,0.0390905460645833,11.5,0.0,107.83333333333333,0.21638497057268005,0.03975965025846693,5.5,5.0,mlp,imitation,residual
mlp_imitation_residual,narrow_gate,6,0.8333333333333334,0.43649056343635395,0.9699474141282697,0.16666666666666666,51.5,24.655628160726305,10.065618046929194,16.480000000000008,0.43434518215314677,0.2924733336656924,0.11940173847528593,0.8333333333333334,0.0,68.5,0.21377607844793525,0.0652547606102166,8.5,7.333333333333333,mlp,imitation,residual
mlp_imitation_residual,sensor_shadow,6,0.0,0.0,0.3903430336530645,1.0,21.333333333333332,7.814516406449388,3.190262963734773,6.826666666666668,-0.06111610180864808,0.05580534925748708,0.02278243843310791,4.0,0.0,120.0,0.21473106983452636,0.051490885272307566,4.666666666666667,4.0,mlp,imitation,residual
mlp_imitation_residual,shifted_clutter,6,1.0,0.6096569663469354,0.9999999999999999,0.0,66.66666666666667,27.65260686927485,11.289129481250734,21.333333333333343,0.4013228821102106,0.12649723777922672,0.0516422810717701,1.1666666666666667,0.0,66.66666666666667,0.178935786098085,0.06046247787628743,10.666666666666666,8.833333333333334,mlp,imitation,residual
mlp_imitation_residual,train_like,6,0.8333333333333334,0.43649056343635395,0.9699474141282697,0.0,62.833333333333336,32.61543601834362,13.315195997222288,20.106666666666676,0.2936486816052629,0.14419140483866566,0.05886589452496805,2.6666666666666665,0.0,62.833333333333336,0.19801111101792343,0.08118029162810676,12.5,10.833333333333334,mlp,imitation,residual
mlp_imitation_residual,u_trap,6,1.0,0.6096569663469354,0.9999999999999999,0.0,54.166666666666664,27.895638846720587,11.388346870571008,17.33333333333334,0.6500275173771967,0.06627219049848149,0.027055508476300536,0.0,0.0,54.166666666666664,0.22298892359326064,0.06292077001448405,7.833333333333333,6.166666666666667,mlp,imitation,residual
mlp_imitation_residual,zigzag_corridor,6,0.0,0.0,0.3903430336530645,1.0,26.833333333333332,6.882344561751226,2.809705401718203,8.58666666666667,-0.12567402161105526,0.10138643139024402,0.04139083729129886,5.5,0.0,120.0,0.18283845835619858,0.013736686523819189,5.0,4.0,mlp,imitation,residual
mlp_rl_finetune_pure,deceptive_u_trap,6,0.0,0.0,0.3903430336530645,1.0,10.166666666666666,3.125166662222459,1.2758439472669758,3.2533333333333334,-0.16170481321184837,0.08529014615176893,0.034819556359872696,2.0,0.0,120.0,0.18019433057229436,0.14840888289638154,7.5,3.8333333333333335,mlp,rl_finetune,pure
mlp_rl_finetune_pure,dense_maze,6,0.0,0.0,0.3903430336530645,1.0,12.0,8.07465169527454,3.2964627506869646,3.84,-0.10453198119925211,0.08162988338589465,0.03332526034305599,4.166666666666667,0.0,120.0,0.1364111379755081,0.04304585840137899,11.166666666666666,6.333333333333333,mlp,rl_finetune,pure
mlp_rl_finetune_pure,labyrinth_maze,6,0.0,0.0,0.3903430336530645,1.0,11.166666666666666,7.909909396868377,3.229206988995561,3.5733333333333346,-0.18049140991672133,0.06606813809399857,0.026972204431005346,4.833333333333333,0.0,120.0,0.15550809179961556,0.052743725737283684,10.666666666666666,5.5,mlp,rl_finetune,pure
mlp_rl_finetune_pure,narrow_gate,6,0.0,0.0,0.3903430336530645,1.0,10.5,3.146426544510455,1.2845232578665131,3.36,-0.16337894828639568,0.10709795331141855,0.043722556351565245,2.3333333333333335,0.0,120.0,0.17409853031243103,0.1575592315373883,9.0,5.166666666666667,mlp,rl_finetune,pure
mlp_rl_finetune_pure,sensor_shadow,6,0.0,0.0,0.3903430336530645,1.0,8.666666666666666,2.1602468994692865,0.8819171036881969,2.7733333333333334,-0.13794966622082871,0.11579389687276319,0.04727266044445443,3.0,0.0,120.0,0.17308595328597512,0.15653202766168323,8.333333333333334,4.333333333333333,mlp,rl_finetune,pure
mlp_rl_finetune_pure,shifted_clutter,6,0.0,0.0,0.3903430336530645,1.0,7.0,0.6324555320336759,0.25819888974716115,2.2399999999999998,-0.13817027587963357,0.09160074631081223,0.0373958480866031,2.3333333333333335,0.0,120.0,0.18276457852439607,0.151175487671396,6.833333333333333,3.3333333333333335,mlp,rl_finetune,pure
mlp_rl_finetune_pure,train_like,6,0.0,0.0,0.3903430336530645,1.0,7.5,0.5477225575051661,0.22360679774997896,2.4,-0.12816259778204148,0.11464370021317001,0.04680309462447827,2.1666666666666665,0.0,120.0,0.1820221196065748,0.15050776293389387,7.5,3.8333333333333335,mlp,rl_finetune,pure
mlp_rl_finetune_pure,u_trap,6,0.0,0.0,0.3903430336530645,1.0,10.166666666666666,3.125166662222459,1.2758439472669758,3.253333333333332,-0.15162552401029036,0.10101577194694178,0.041239516207226434,2.1666666666666665,0.0,120.0,0.18043724178851914,0.14863146000716657,6.666666666666667,3.0,mlp,rl_finetune,pure
mlp_rl_finetune_pure,zigzag_corridor,6,0.0,0.0,0.3903430336530645,1.0,10.5,3.8340579025361627,1.565247584249853,3.3599999999999994,-0.03683033781652322,0.04698135028698754,0.019180055938346586,3.3333333333333335,0.0,120.0,0.15683023701146806,0.10659787194012987,10.166666666666666,7.0,mlp,rl_finetune,pure
mlp_rl_finetune_residual,deceptive_u_trap,6,1.0,0.6096569663469354,0.9999999999999999,0.0,44.166666666666664,3.7638632635454052,1.5365907428821481,14.13333333333334,0.3545500802223435,0.24485877080634763,0.09996317458677428,1.5,0.0,44.166666666666664,0.24335442916568262,0.02011733865841933,7.5,5.833333333333333,mlp,rl_finetune,residual
mlp_rl_finetune_residual,dense_maze,6,0.5,0.18761280689940868,0.8123871931005913,0.5,45.0,13.827508813954884,5.64505683467108,14.400000000000006,-0.030650698989856746,0.11868911844229607,0.048454629700730334,11.0,0.0,87.83333333333333,0.18595909394185775,0.04362023993358742,6.666666666666667,6.0,mlp,rl_finetune,residual
mlp_rl_finetune_residual,labyrinth_maze,6,0.16666666666666666,0.03005258587173032,0.563509436563646,0.8333333333333334,34.666666666666664,7.033254343948231,2.8713140623144042,11.093333333333334,-0.04639227742301826,0.09665156939141183,0.03945783797469331,13.166666666666666,0.0,107.83333333333333,0.20293406808404724,0.01798472879605115,6.166666666666667,5.833333333333333,mlp,rl_finetune,residual
mlp_rl_finetune_residual,narrow_gate,6,0.8333333333333334,0.43649056343635395,0.9699474141282697,0.16666666666666666,38.666666666666664,10.500793620801558,4.286931044206074,12.373333333333335,0.4829722264308521,0.2820854103535271,0.11516088654162472,0.5,0.0,55.666666666666664,0.2545665983239214,0.017840896244751187,6.166666666666667,4.5,mlp,rl_finetune,residual
mlp_rl_finetune_residual,sensor_shadow,6,0.0,0.0,0.3903430336530645,1.0,21.333333333333332,7.814516406449388,3.190262963734773,6.826666666666668,-0.06111610180864808,0.05580534925748708,0.02278243843310791,4.0,0.0,120.0,0.21473106983452636,0.051490885272307566,4.666666666666667,4.0,mlp,rl_finetune,residual
mlp_rl_finetune_residual,shifted_clutter,6,1.0,0.6096569663469354,0.9999999999999999,0.0,58.5,30.084879923310314,12.28210079750203,18.72000000000001,0.38877544227317756,0.12358837064963342,0.05045474103892711,1.1666666666666667,0.0,58.5,0.20905900246223352,0.06237543207117707,9.0,7.5,mlp,rl_finetune,residual
mlp_rl_finetune_residual,train_like,6,0.8333333333333334,0.43649056343635395,0.9699474141282697,0.0,69.33333333333333,35.44949458972112,14.47219556406161,22.186666666666678,0.2936486816052629,0.14419140483866566,0.05886589452496805,2.6666666666666665,0.0,69.33333333333333,0.18312340538521407,0.08090429799203236,11.833333333333334,10.0,mlp,rl_finetune,residual
mlp_rl_finetune_residual,u_trap,6,0.8333333333333334,0.43649056343635395,0.9699474141282697,0.0,56.5,31.322515863193367,12.787363554175924,18.08000000000001,0.6414443573830699,0.1270538994477306,0.051869537246303575,0.0,0.0,56.5,0.2104737099258794,0.0828451564755575,6.5,5.166666666666667,mlp,rl_finetune,residual
mlp_rl_finetune_residual,zigzag_corridor,6,0.0,0.0,0.3903430336530645,1.0,31.666666666666668,14.583095236151571,5.953523699830584,10.133333333333338,-0.12511373301579903,0.10177347178967903,0.041548845872708656,6.833333333333333,0.0,120.0,0.16612845167381338,0.05072141997387261,5.333333333333333,4.333333333333333,mlp,rl_finetune,residual
